fid,OBJECTID,NAME,ADDRESS,COUNCIL_DISTRICT,TOTAL_UNITS,AFFORDABLE_HOUSING_UNITS,PROGRAM,PROGRAM_CATEGORY,DEVELOPMENT_STATUS,ESTIMATED_YEAR_OF_COMPLETION,RENTAL,HOME_OWNERSHIP,F__30__AMI,F__35__AMI,F__40__AMI,F__50__AMI,F__60__AMI,F__65__AMI,F__70__AMI,F__75__AMI,F__80__AMI,F__85__AMI,F__90__AMI,F__100__AMI,F__120__AMI,MANAGER_S_UNIT___UNRESTRICTED_AMI,SLEEPING_ROOM__GROUP_HOME__CONGREGATE_,SEDU,STUDIO,F1_BR,F2_BR,F3_BR,F4_BR,F5_BR,LATITUDE,LONGITUDE,REPORTING_DATE,fid_2,OBJECTID_1,OBJECTID_2,GEO_ID_GRP,INTPTLAT20,INTPTLON20,Shape_Leng,BLKGRP_LBL,Shape_Le_1,GeoID,MedRent,F100_499,F500_999,F1000_1499,F1500_1999,F2000_2499,F2500_2999,F3000_3499,F3500ormore,GeoID_1,Field10,MedInc,AvgRent,Shape_Length,Shape_Area
"1","1",1008 Apartments,1008 N 109TH ST,"2","93","19",MFTE (UP TO 12 YEARS),MFTE: MULTIFAMILY PROPERTY TAX EXEMPTION (UP TO 12 YEARS),Application Submitted,"2019","1",,,,,,,"19",,,,,,,,,,,"19",,,,,,47.708215,-122.345491,2018/12/31 00:00:00,"15","15","16","530330004022","+47.7152667","-122.3481923",16768.1632845,Blkgrp 0004022,16768.1632845074,530330004022,,null,null,,null,null,null,null,null,530330004022,#N/A,,,16768.1620281109,9355712.50940726
"2","2",1401 E Madison,1401 E MADISON ST,"3","137","29",MFTE (UP TO 12 YEARS),MFTE: MULTIFAMILY PROPERTY TAX EXEMPTION (UP TO 12 YEARS),Application Submitted,"2019","1",,,,,,,"10",,"17",,"2",,,,,,,"10","17","2",,,,47.613836,-122.313924,2018/12/31 00:00:00,"325","325","326","530330075032","+47.6139859","-122.3145393",3727.52611423,Blkgrp 0075032,3727.52611421709,530330075032,,"82",null,,"546","127",null,null,"33",530330075032,1500-1999,"2000",2000,3727.5251110127,726500.520392701
"3","3",4230 11th Ave NE,4230 11TH AVE NE,"4","98","5",IZ PERFORMANCE (50 YEARS),AFFORDABLE UNITS IN MARKET-RATE BUILDING (50 OR 75 YEARS),Under Construction,"2019","1",,,,,,,,,,"5",,,,,,,,"5",,,,,,47.659259,-122.316361,2018/12/31 00:00:00,"207","207","208","530330053052","+47.6590810","-122.3166313",4323.59080946,Blkgrp 0053052,4323.59080943573,530330053052,,null,null,"265","187","58",null,null,null,530330053052,1000-1499,"1500",1500,4323.59046944302,897439.132952789
"4","4",6301 15th Ave NW,6301 15TH AVE NW,"6","61","14",MFTE (UP TO 12 YEARS),MFTE: MULTIFAMILY PROPERTY TAX EXEMPTION (UP TO 12 YEARS),Application Submitted,"2019","1",,,,"7",,,"7",,,,,,,,,,"7","7",,,,,,47.674797,-122.376601,2018/12/31 00:00:00,"119","119","120","530330033011","+47.6769436","-122.3793203",6591.20974046,Blkgrp 0033011,6591.20974045649,530330033011,,null,"5","81","270","37",null,"52",null,530330033011,1500-1999,"2000",2000,6591.20974304539,2427739.65474454
"5","5",829-837 NE 67th St,829 NE 67TH ST,"4","178","24",IZ PERFORMANCE (50 YEARS),AFFORDABLE UNITS IN MARKET-RATE BUILDING (50 OR 75 YEARS),Under Construction,"2019","1",,,,,,,,,,"24",,,,,,,"24",,,,,,,47.677089,-122.318802,2018/12/31 00:00:00,"134","134","135","530330036021","+47.6789543","-122.3189908",6310.69088572,Blkgrp 0036021,6310.69088573452,530330036021,,null,"20","93","490","162","76","6","40",530330036021,1500-1999,"2000",2000,6310.69079164449,1832834.70822087
"6","6",Avalon Apartments,3050 SW AVALON WAY,"1","14","1",IZ PERFORMANCE (50 YEARS),AFFORDABLE UNITS IN MARKET-RATE BUILDING (50 OR 75 YEARS),Under Construction,"2019","1",,,,,,,,,,"1",,,,,,,,,,,,,,47.566324,-122.371961,2018/12/31 00:00:00,"422","422","423","530330099002","+47.5597250","-122.3710568",15164.2020425,Blkgrp 0099002,15164.2020425079,530330099002,,null,"40","281","299","54","15",null,null,530330099002,1500-1999,"2000",2000,15164.2007623,11001650.7313019
"7","7",Belmont Re-Entry (Pioneer Belmont),1717 BELMONT AVE,"3","89","89",CITY FUNDED (MINIMUM 50 YEARS),CITY FUNDED (MINIMUM 50 YEARS),In Permitting,"2019","1",,"30",,,"37","22",,,,,,,,,"1",,,"89",,,,,,47.616899,-122.32488,2018/12/31 00:00:00,"315","315","316","530330074052","+47.6173412","-122.3249546",3023.23929333,Blkgrp 0074052,3023.23929330404,530330074052,,null,"131","549","163","34","28","15",null,530330074052,1000-1499,"1500",1500,3023.23934090322,575230.688084845
"8","8",Bogtown Flats,9039 GREENWOOD AVE N,"6","78","16",MFTE (UP TO 12 YEARS),MFTE: MULTIFAMILY PROPERTY TAX EXEMPTION (UP TO 12 YEARS),Application Submitted,"2019","1",,,,,,,,,"15",,"1",,,,,,,,"15","1",,,,47.69532,-122.355782,2018/12/31 00:00:00,"67","67","68","530330017024","+47.6973403","-122.3606986",10040.3118061,Blkgrp 0017024,10040.3118060701,530330017024,,"47","64","19","10","11","11","11","12",530330017024,500-999,"1000",1000,10040.3124341859,4722254.76274606
"9","9",Broadstone Saxton,1001 JAMES ST,"3","325","65",MFTE (UP TO 12 YEARS),MFTE: MULTIFAMILY PROPERTY TAX EXEMPTION (UP TO 12 YEARS),Application Submitted,"2019","1",,,,,,,,,,"65",,,,,,,,"7","46","12",,,,47.606004,-122.323159,2018/12/31 00:00:00,"368","368","369","530330085002","+47.6053339","-122.3223112",6635.813891,Blkgrp 0085002,6635.81389097284,530330085002,,"46","25","260","157","72",null,"22","26",530330085002,1000-1499,"1500",1500,6635.81327297313,1629180.25958278
"10","10",Centerline,6505 15TH AVE NE,"4","235","48",MFTE (UP TO 12 YEARS),MFTE: MULTIFAMILY PROPERTY TAX EXEMPTION (UP TO 12 YEARS),Application Submitted,"2019","1",,,,,,,"33",,"10",,"5",,,,,,,"33","10","5",,,,47.676107,-122.312416,2018/12/31 00:00:00,"91","91","92","530330026003","+47.6776154","-122.3120030",7990.4914514,Blkgrp 0026003,7990.49145139917,530330026003,,null,"9","48","107","9","73",null,"23",530330026003,1500-1999,"2000",2000,7990.49106503891,3517998.31584303
"11","11",Clement Place,931 N 96TH ST,"5","100","100",CITY FUNDED (MINIMUM 50 YEARS),CITY FUNDED (MINIMUM 50 YEARS),Under Construction,"2019","1",,"100",,,,,,,,,,,,,,,,"100",,,,,,47.698465,-122.345866,2018/12/31 00:00:00,"51","51","52","530330013003","+47.7001756","-122.3450379",9568.45220314,Blkgrp 0013003,9568.45220313954,530330013003,,"16","-58","-25","-14","-15","-16","-17","-18",530330013003,100-499,"500",500,9568.45178496567,4665798.32405895
"12","12",Columbia City Place,5201 RAINIER AVE S,"2","108","22",MFTE (UP TO 12 YEARS),MFTE: MULTIFAMILY PROPERTY TAX EXEMPTION (UP TO 12 YEARS),Application Submitted,"2019","1",,,,,,,"5",,"13",,"3","1",,,,,,"5","13","3","1",,,47.555132,-122.283163,2018/12/31 00:00:00,"446","446","447","530330103023","+47.5577575","-122.2828278",8361.84833479,Blkgrp 0103023,8361.84833480214,530330103023,,null,"26","130","226","5",null,"31",null,530330103023,1500-1999,"2000",2000,8361.84807108614,2676363.28096141
"14","14",Eng House,1742 13TH AVE S,"2","7","7",CITY FUNDED (MINIMUM 50 YEARS),CITY FUNDED (MINIMUM 50 YEARS),Under Construction,"2019","1",,"7",,,,,,,,,,,,,"1","7",,,,,,,,47.587209,-122.315678,2018/12/31 00:00:00,"394","394","395","530330094001","+47.5879974","-122.3134131",6427.31020804,Blkgrp 0094001,6427.3102080247,530330094001,,"114",null,"131","14","84","12",null,null,530330094001,1000-1499,"1500",1500,6427.30912734996,1632056.06096054
"15","15",Gerrish Hall,1820 BOYLSTON AVE,"3","55","11",MFTE (UP TO 12 YEARS),MFTE: MULTIFAMILY PROPERTY TAX EXEMPTION (UP TO 12 YEARS),Application Submitted,"2019","1",,,,,,,,,"9",,"2",,,,,,,,"9","2",,,,47.61822,-122.322979,2018/12/31 00:00:00,"314","314","315","530330074051","+47.6184984","-122.3226717",4628.72547567,Blkgrp 0074051,4628.72547566303,530330074051,,null,"217","80","160","151","65","24",null,530330074051,500-999,"1000",1000,4628.72627629311,843743.304874495
"16","16",Hana,525 YESLER WAY,"2","160","111",IZ PERFORMANCE (50 YEARS),AFFORDABLE UNITS IN MARKET-RATE BUILDING (50 OR 75 YEARS),Under Construction,"2019","1",,,,,"16",,,,,"95",,,,,,,,"12","82","17",,,,47.601371,-122.326866,2018/12/31 00:00:00,"389","389","390","530330092001","+47.6003466","-122.3257557",5221.04332875,Blkgrp 0092001,5221.04332876043,530330092001,,"320","363","292","134","9","9",null,null,530330092001,500-999,"1000",1000,5221.04276094181,1436342.36692974
"17","17",Lane Apartments,10702 5TH AVE NE,"5","217","44",MFTE (UP TO 12 YEARS),MFTE: MULTIFAMILY PROPERTY TAX EXEMPTION (UP TO 12 YEARS),Application Submitted,"2019","1",,,,,,,"7",,"30",,"7",,,,,,,"7","30","7",,,,47.707585,-122.322271,2018/12/31 00:00:00,"48","48","49","530330012023","+47.7049473","-122.3218364",6642.39821219,Blkgrp 0012023,6642.39821215637,530330012023,,null,null,,null,null,null,null,null,530330012023,#N/A,,,6642.39819317212,1763283.74025867
"18","18",Leaf and Twig,3309 BEACON AVE S,"2","18","5",MFTE (UP TO 12 YEARS),MFTE: MULTIFAMILY PROPERTY TAX EXEMPTION (UP TO 12 YEARS),Application Submitted,"2019","1",,,,,,,,,"5",,,,,,,,,,"5",,,,,47.573712,-122.309157,2018/12/31 00:00:00,"428","428","429","530330100021","+47.5733773","-122.3086424",8533.30177576,Blkgrp 0100021,8533.30177576828,530330100021,,null,"18","93","54","30","30","55",null,530330100021,1000-1499,"1500",1500,8533.30148759532,2961044.18282035
"19","19",Liberty Bank,2320 E UNION ST,"3","115","114",CITY FUNDED (MINIMUM 50 YEARS),CITY FUNDED (MINIMUM 50 YEARS),Under Construction,"2019","1",,"18",,,"10","86",,,,,,,,,"1",,,"25","74","15",,,,47.613144,-122.301699,2018/12/31 00:00:00,"331","331","332","530330077003","+47.6151944","-122.2992865",6606.45156096,Blkgrp 0077003,6606.45156096093,530330077003,,"101","15",,null,null,"19",null,"35",530330077003,100-499,"500",500,6606.45149757629,2611584.62480853
"20","20",Link Studios,2939 S MOUNT BAKER BLVD,"2","60","60",CITY FUNDED (MINIMUM 50 YEARS),CITY FUNDED (MINIMUM 50 YEARS),Under Construction,"2019","1",,,,"10","25","25",,,,,,,,,,,,"60",,,,,,47.575637,-122.294352,2018/12/31 00:00:00,"402","402","403","530330095004","+47.5773539","-122.2945068",10617.2850174,Blkgrp 0095004,10617.2850173731,530330095004,,"130","79","89","69",null,"18",null,"75",530330095004,100-499,"500",500,10617.2844409937,4926930.03651056
"21","21","Madison, The",823 MADISON ST,"7","73","73",CITY FUNDED (MINIMUM 50 YEARS),CITY FUNDED (MINIMUM 50 YEARS),Under Construction,"2019","1",,,,,"23","50",,,,,,,,,,,,"12","61",,,,,47.608252,-122.327426,2018/12/31 00:00:00,"357","357","358","530330082002","+47.6081555","-122.3290708",3414.88369092,Blkgrp 0082002,3414.88369090094,530330082002,,null,"14","145","89","237","31","44","13",530330082002,2000-2499,"2500",2500,3414.88375572084,745297.843013636
"22","22",Mercy Magnuson Place,7101 62ND AVE NE,"4","148","148",CITY FUNDED (MINIMUM 50 YEARS),CITY FUNDED (MINIMUM 50 YEARS),Under Construction,"2019","1",,"20",,,"20","108",,,,,,,,,,,,"32","47","60","9",,,47.680574,-122.262855,2018/12/31 00:00:00,"141","141","142","530330040001","+47.6817180","-122.2523680",35385.1580116,Blkgrp 0040001,35385.1580116086,530330040001,,"31","115","107","68","57",null,null,null,530330040001,500-999,"1000",1000,32802.5219923751,48426776.3523479
"23","23",Mid-Block Apartments,8820 AURORA AVE N,"6","27","7",MFTE (UP TO 12 YEARS),MFTE: MULTIFAMILY PROPERTY TAX EXEMPTION (UP TO 12 YEARS),Application Submitted,"2019","1",,,,,,,"7",,,,,,,,,,,"7",,,,,,47.693253,-122.343671,2018/12/31 00:00:00,"69","69","70","530330018002","+47.6922220","-122.3443809",7420.71366793,Blkgrp 0018002,7420.71366791938,530330018002,,"12","38","13","7","8","8","9","9",530330018002,500-999,"1000",1000,7420.71366942546,2627165.05168967
"24","24",Mt Baker Family Housing,2870 S HANFORD ST,"2","95","94",CITY FUNDED (MINIMUM 50 YEARS),CITY FUNDED (MINIMUM 50 YEARS),Under Construction,"2019","1",,"47",,,,"47",,,,,,,,,"1",,,,"36","41","17",,,47.574971,-122.296265,2018/12/31 00:00:00,"402","402","403","530330095004","+47.5773539","-122.2945068",10617.2850174,Blkgrp 0095004,10617.2850173731,530330095004,,"130","79","89","69",null,"18",null,"75",530330095004,100-499,"500",500,10617.2844409937,4926930.03651056
"25","25",Othello Apartments,7339 43RD AVE S,"2","94","19",MFTE (UP TO 12 YEARS),MFTE: MULTIFAMILY PROPERTY TAX EXEMPTION (UP TO 12 YEARS),Application Submitted,"2019","1",,,,,,,"19",,,,,,,,,,,"19",,,,,,47.535925,-122.279801,2018/12/31 00:00:00,"485","485","486","530330111012","+47.5369263","-122.2777395",5354.10057201,Blkgrp 0111012,5354.10057205703,530330111012,,null,"8","103","142","120","15",null,null,530330111012,1500-1999,"2000",2000,5354.10064658527,1567170.89846068
"26","26","Portal, The",743 N 35TH ST,"6","54","3",MHA PERFORMANCE (up to 75 YEARS),AFFORDABLE UNITS IN MARKET-RATE BUILDING (50 OR 75 YEARS),Under Construction,"2019","1",,,,,,"3",,,,,,,,,,,,,"3",,,,,47.649929,-122.348018,2018/12/31 00:00:00,"189","189","190","530330049022","+47.6508832","-122.3508913",8441.69840479,Blkgrp 0049022,8441.69840477262,530330049022,,null,null,"276","279","135","135","52","16",530330049022,1500-1999,"2000",2000,8441.69839105261,3229598.7991027
"27","27",Red Cedar,808 FIR ST,"3","119","118",CITY FUNDED (MINIMUM 50 YEARS),CITY FUNDED (MINIMUM 50 YEARS),Under Construction,"2019","1",,"80",,,,"38",,,,,,,,,"1",,,,"20","66","27","5",,47.602846,-122.321928,2018/12/31 00:00:00,"368","368","369","530330085002","+47.6053339","-122.3223112",6635.813891,Blkgrp 0085002,6635.81389097284,530330085002,,"46","25","260","157","72",null,"22","26",530330085002,1000-1499,"1500",1500,6635.81327297313,1629180.25958278
"28","28",Robin's Nest,3272 FUHRMAN AVE E,"3","62","13",MFTE (UP TO 12 YEARS),MFTE: MULTIFAMILY PROPERTY TAX EXEMPTION (UP TO 12 YEARS),Application Submitted,"2019","1",,,,,,,"4",,"8",,"1",,,,,,,"4","8","1",,,,47.651411,-122.320815,2018/12/31 00:00:00,"247","247","248","530330061001","+47.6482498","-122.3201878",9078.40822494,Blkgrp 0061001,9078.40822495603,530330061001,,null,null,"79","115","100","9","7",null,530330061001,1500-1999,"2000",2000,9078.40833881481,4253050.07702777
"29","29","Stax, The",5001 BROOKLYN AVE NE,"4","55","4",MHA PERFORMANCE (up to 75 YEARS),AFFORDABLE UNITS IN MARKET-RATE BUILDING (50 OR 75 YEARS),Under Construction,"2019","1",,,,"4",,,,,,,,,,,,,"4",,,,,,,47.665093,-122.314514,2018/12/31 00:00:00,"164","164","165","530330044021","+47.6663269","-122.3152371",5355.6437897,Blkgrp 0044021,5355.64378971861,530330044021,,null,"100","366","65","13",null,"74",null,530330044021,1000-1499,"1500",1500,5355.64411042405,1165385.90981857
"30","30",Thai Binh,913 S JACKSON ST,"2","247","247",CITY FUNDED (MINIMUM 50 YEARS),CITY FUNDED (MINIMUM 50 YEARS),Under Construction,"2019","1",,,,,,"247",,,,,,,,,"2",,,"24","187","36",,,,47.598888,-122.320376,2018/12/31 00:00:00,"387","387","388","530330091001","+47.5987050","-122.3202752",8656.4057759,Blkgrp 0091001,8656.40577591465,530330091001,,"147","287","149","45",null,null,null,null,530330091001,500-999,"1000",1000,8656.40487476357,3234873.01377205
"31","31",Valdok II,1706 NW 56TH ST,"6","149","30",MFTE (UP TO 12 YEARS),MFTE: MULTIFAMILY PROPERTY TAX EXEMPTION (UP TO 12 YEARS),Application Submitted,"2019","1",,,,,,,,,"26",,"4",,,,,,,,"26","4",,,,47.669643,-122.379184,2018/12/31 00:00:00,"177","177","178","530330047023","+47.6697879","-122.3805054",3226.85923762,Blkgrp 0047023,3226.85923765033,530330047023,,null,null,"67","87","57","167",null,null,530330047023,2500-2999,"3000",3000,3226.85923600945,650515.775260779
"32","32",Zella,203 W REPUBLICAN ST,"7","90","18",MFTE (UP TO 12 YEARS),MFTE: MULTIFAMILY PROPERTY TAX EXEMPTION (UP TO 12 YEARS),Application Submitted,"2019","1",,,,,,,"14",,"3",,"1",,,,,,,"14","3","1",,,,47.62313,-122.359703,2018/12/31 00:00:00,"292","292","293","530330071022","+47.6227703","-122.3593378",3945.28599973,Blkgrp 0071022,3945.28599972888,530330071022,,null,null,"43","233","229","127","92",null,530330071022,1500-1999,"2000",2000,3945.28598458345,855519.643280931
"33","33",Zella Apartments,429 2ND AVE W,"7","128","8",MHA PERFORMANCE (up to 75 YEARS),AFFORDABLE UNITS IN MARKET-RATE BUILDING (50 OR 75 YEARS),Under Construction,"2019","1",,,,,,"8",,,,,,,,,,,,"5","2","1",,,,47.622966,-122.359727,2018/12/31 00:00:00,"292","292","293","530330071022","+47.6227703","-122.3593378",3945.28599973,Blkgrp 0071022,3945.28599972888,530330071022,,null,null,"43","233","229","127","92",null,530330071022,1500-1999,"2000",2000,3945.28598458345,855519.643280931
"34","34",1216 N. 42nd St.,1216 N 42ND ST,"4","50","10",MFTE (UP TO 12 YEARS),MFTE: MULTIFAMILY PROPERTY TAX EXEMPTION (UP TO 12 YEARS),Application Submitted,"2020","1",,,,,,,"2",,"7",,"1",,,,,,,"2","7","1",,,,47.658196,-122.342697,2018/12/31 00:00:00,"191","191","192","530330050002","+47.6579095","-122.3416325",7285.96793267,Blkgrp 0050002,7285.96793268533,530330050002,,null,null,"130","172","91","15",null,null,530330050002,1500-1999,"2000",2000,7285.96823491204,2281199.36369413
"35","35",1222 NE 65th St,1222 NE 65TH ST,"4","55","2",IZ PERFORMANCE (50 YEARS),AFFORDABLE UNITS IN MARKET-RATE BUILDING (50 OR 75 YEARS),Under Construction,"2020","1",,,,"2",,,,,,,,,,,,,"2",,,,,,,47.675963,-122.314616,2018/12/31 00:00:00,"91","91","92","530330026003","+47.6776154","-122.3120030",7990.4914514,Blkgrp 0026003,7990.49145139917,530330026003,,null,"9","48","107","9","73",null,"23",530330026003,1500-1999,"2000",2000,7990.49106503891,3517998.31584303
"36","36",13 Pike Apts,1300 E PIKE ST,"3","45","9",MFTE (UP TO 12 YEARS),MFTE: MULTIFAMILY PROPERTY TAX EXEMPTION (UP TO 12 YEARS),Application Submitted,"2020","1",,,,,,,"1",,"7",,"1",,,,,,,"1","7","1",,,,47.614307,-122.315278,2018/12/31 00:00:00,"325","325","326","530330075032","+47.6139859","-122.3145393",3727.52611423,Blkgrp 0075032,3727.52611421709,530330075032,,"82",null,,"546","127",null,null,"33",530330075032,1500-1999,"2000",2000,3727.5251110127,726500.520392701
"37","37",2100 E Madison,2100 E MADISON ST,"3","50","10",MFTE (UP TO 12 YEARS),MFTE: MULTIFAMILY PROPERTY TAX EXEMPTION (UP TO 12 YEARS),Application Submitted,"2020","1",,,,,,,"1",,"9",,,,,,,,,"1","9",,,,,47.618435,-122.30413,2018/12/31 00:00:00,"327","327","328","530330076002","+47.6207018","-122.3052922",6509.08600683,Blkgrp 0076002,6509.08600680661,530330076002,,"90","15","170","193","40","19","33",null,530330076002,1500-1999,"2000",2000,6509.08654282107,2297740.31764565
"38","38",22nd Ave PSH,1911 22ND AVE S,"2","85","85",CITY FUNDED (MINIMUM 50 YEARS),CITY FUNDED (MINIMUM 50 YEARS),In Permitting,"2020","1",,"85",,,,,,,,,,,,,,,,"85",,,,,,47.586065,-122.304451,2018/12/31 00:00:00,"395","395","396","530330094002","+47.5842433","-122.3063685",10154.5419701,Blkgrp 0094002,10154.5419700985,530330094002,,"35","39","24","14","17","13",null,null,530330094002,500-999,"1000",1000,10154.5405739387,5287971.24252949
"39","39",427 9th Ave N,427 9TH AVE N,"2","242","49",MFTE (UP TO 12 YEARS),MFTE: MULTIFAMILY PROPERTY TAX EXEMPTION (UP TO 12 YEARS),Application Submitted,"2020","1",,,,,,,"10",,"29",,"10",,,,,,,"10","29","10",,,,47.622868,-122.340004,2018/12/31 00:00:00,"299","299","300","530330072031","+47.6220013","-122.3410170",7650.51961677,Blkgrp 0072031,7650.5196167956,530330072031,,null,"188","75","94","118","55",null,null,530330072031,500-999,"1000",1000,7650.51858533613,3199111.25487557
"40","40",4542 42nd Ave SW,4542 42ND AVE SW,"1","76","16",MFTE (UP TO 12 YEARS),MFTE: MULTIFAMILY PROPERTY TAX EXEMPTION (UP TO 12 YEARS),Application Submitted,"2020","1",,,,,,,"5",,"10",,"1",,,,,,,"5","10","1",,,,47.561594,-122.384913,2018/12/31 00:00:00,"460","460","461","530330105024","+47.5605109","-122.3853235",5280.37341075,Blkgrp 0105024,5280.37341074051,530330105024,,"115","31","146","362","224","52",null,null,530330105024,1500-1999,"2000",2000,5280.37354632619,1086226.68664879
"41","41",4754 Fauntleroy,4754 FAUNTLEROY WAY SW,"1","108","22",MFTE (UP TO 12 YEARS),MFTE: MULTIFAMILY PROPERTY TAX EXEMPTION (UP TO 12 YEARS),Application Submitted,"2020","1",,,,,,,,,"17",,"5",,,,,,,,"17","5",,,,47.559401,-122.381141,2018/12/31 00:00:00,"454","454","455","530330105011","+47.5583899","-122.3821101",5944.20113231,Blkgrp 0105011,5944.20113230735,530330105011,,null,null,"95","290","82","34","34",null,530330105011,1500-1999,"2000",2000,5944.20060013036,1967445.5747926
"42","42",501 Rainier,501 RAINIER AVE S,"2","102","102",CITY FUNDED (MINIMUM 50 YEARS),CITY FUNDED (MINIMUM 50 YEARS),Under Construction,"2020","1",,"102",,,,,,,,,,,,,"3",,,"102",,,,,,47.598205,-122.313579,2018/12/31 00:00:00,"384","384","385","530330090001","+47.5987382","-122.3130772",8249.90659085,Blkgrp 0090001,8249.90659084149,530330090001,,"188","104","88","47","18",null,null,"8",530330090001,100-499,"500",500,8249.90586235466,4314819.65803527
"43","43",600 E Howell Street,600 E HOWELL ST,"3","76","4",IZ PERFORMANCE (50 YEARS),AFFORDABLE UNITS IN MARKET-RATE BUILDING (50 OR 75 YEARS),Under Construction,"2020","1",,,,"4",,,,,,,,,,,,,"4",,,,,,,47.617952,-122.324354,2018/12/31 00:00:00,"315","315","316","530330074052","+47.6173412","-122.3249546",3023.23929333,Blkgrp 0074052,3023.23929330404,530330074052,,null,"131","549","163","34","28","15",null,530330074052,1000-1499,"1500",1500,3023.23934090322,575230.688084845
"44","44",66th Street,1205 NE 66TH ST,"4","201","7",IZ PERFORMANCE (50 YEARS),AFFORDABLE UNITS IN MARKET-RATE BUILDING (50 OR 75 YEARS),Under Construction,"2020","1",,,,,,,,,,"7",,,,,,,,"6",,"1",,,,47.676412,-122.315342,2018/12/31 00:00:00,"91","91","92","530330026003","+47.6776154","-122.3120030",7990.4914514,Blkgrp 0026003,7990.49145139917,530330026003,,null,"9","48","107","9","73",null,"23",530330026003,1500-1999,"2000",2000,7990.49106503891,3517998.31584303
"45","45",8558 Apartments,8558 NESBIT AVE N,"5","68","14",MFTE (UP TO 12 YEARS),MFTE: MULTIFAMILY PROPERTY TAX EXEMPTION (UP TO 12 YEARS),Application Submitted,"2020","1",,,,,,,"14",,,,,,,,,,,"14",,,,,,47.692042,-122.343208,2018/12/31 00:00:00,"69","69","70","530330018002","+47.6922220","-122.3443809",7420.71366793,Blkgrp 0018002,7420.71366791938,530330018002,,"12","38","13","7","8","8","9","9",530330018002,500-999,"1000",1000,7420.71366942546,2627165.05168967
"46","46",Betula Apartments,355 15TH AVE,"3","40","10",MFTE (UP TO 12 YEARS),MFTE: MULTIFAMILY PROPERTY TAX EXEMPTION (UP TO 12 YEARS),Application Submitted,"2020","1",,,,"7",,,"3",,,,,,,,,,"7","3",,,,,,47.605969,-122.313108,2018/12/31 00:00:00,"371","371","372","530330086002","+47.6035857","-122.3161999",7744.00936997,Blkgrp 0086002,7744.0093699626,530330086002,,"34","232","366","182","91","19","13",null,530330086002,1000-1499,"1500",1500,7744.00860784273,2436304.92528688
"47","47",Broadway TOD (Station House),923 E JOHN ST,"3","109","109",CITY FUNDED (MINIMUM 50 YEARS),CITY FUNDED (MINIMUM 50 YEARS),In Permitting,"2020","1",,"8",,,"10","91",,,,,,,,,"1",,,"41","43","18","7",,,47.619739,-122.319852,2018/12/31 00:00:00,"323","323","324","530330075023","+47.6174252","-122.3189818",5354.48639697,Blkgrp 0075023,5354.48639696549,530330075023,,null,null,"28","58","131","59",null,null,530330075023,2000-2499,"2500",2500,5354.48639182628,1520832.78698836
"48","48",Cadence 21,111 21ST AVE,"3","29","8",MFTE (UP TO 12 YEARS),MFTE: MULTIFAMILY PROPERTY TAX EXEMPTION (UP TO 12 YEARS),Application Submitted,"2020","1",,,,,,,"8",,,,,,,,,,,"8",,,,,,47.602027,-122.305339,2018/12/31 00:00:00,"375","375","376","530330087002","+47.6040426","-122.3047415",5808.64011522,Blkgrp 0087002,5808.64011523468,530330087002,,null,"56","71","44","92","15","10","35",530330087002,2000-2499,"2500",2500,5808.63943362464,1765554.52181769
"49","49",EcoLuxe 3,1403 NE 65TH ST,"5","41","9",MFTE (UP TO 12 YEARS),MFTE: MULTIFAMILY PROPERTY TAX EXEMPTION (UP TO 12 YEARS),Application Submitted,"2020","1",,,,,,,"8",,"1",,,,,,,,,"8","1",,,,,47.675591,-122.312899,2018/12/31 00:00:00,"162","162","163","530330044012","+47.6742425","-122.3125434",8905.04636327,Blkgrp 0044012,8905.04636327465,530330044012,,null,"14","44","66","30","14",null,null,530330044012,1500-1999,"2000",2000,8905.04560609619,2727323.66655775
"50","50",Encore Apartments,3010 1ST AVE,"7","60","60",CITY FUNDED (MINIMUM 50 YEARS),CITY FUNDED (MINIMUM 50 YEARS),In Permitting,"2020","1",,,,,,"60",,,,,,,,,,,,"13","47",,,,,47.618137,-122.35391,2018/12/31 00:00:00,"347","347","348","530330080033","+47.6178177","-122.3531186",4568.39258737,Blkgrp 0080033,4568.39258739222,530330080033,,"67",null,"113","222","53","69","30",null,530330080033,1500-1999,"2000",2000,4568.39258747162,784427.251284787
"51","51",Fremont Apartments,106 N 36TH ST,"4","37","8",MFTE (UP TO 12 YEARS),MFTE: MULTIFAMILY PROPERTY TAX EXEMPTION (UP TO 12 YEARS),Application Submitted,"2020","1",,,,,,,"1",,"6",,"1",,,,,,,"1","6","1",,,,47.653145,-122.357416,2018/12/31 00:00:00,"183","183","184","530330048003","+47.6552162","-122.3599387",13245.2104054,Blkgrp 0048003,13245.2104053838,530330048003,,null,"21","128","77","70","63","60",null,530330048003,1000-1499,"1500",1500,13245.2094262961,4806862.84550728
"52","52",Inhabit Rainier,700 RAINIER AVE S,"3","129","26",MFTE (UP TO 12 YEARS),MFTE: MULTIFAMILY PROPERTY TAX EXEMPTION (UP TO 12 YEARS),Application Submitted,"2020","1",,,,,,,"18",,"4",,"4",,,,,,,"18","4","4",,,,47.596506,-122.311263,2018/12/31 00:00:00,"384","384","385","530330090001","+47.5987382","-122.3130772",8249.90659085,Blkgrp 0090001,8249.90659084149,530330090001,,"188","104","88","47","18",null,null,"8",530330090001,100-499,"500",500,8249.90586235466,4314819.65803527
"53","53",Jackson Apartments,2309 S JACKSON ST,"3","532","107",MFTE (UP TO 12 YEARS),MFTE: MULTIFAMILY PROPERTY TAX EXEMPTION (UP TO 12 YEARS),Application Submitted,"2020","1",,,,,,,"6",,"89",,"10","2",,,,,,"6","89","10","2",,,47.598807,-122.301888,2018/12/31 00:00:00,"382","382","383","530330089003","+47.5998402","-122.2973998",7622.2164624,Blkgrp 0089003,7622.21646241386,530330089003,,"36",null,"54","136","29","16",null,null,530330089003,1500-1999,"2000",2000,7622.21627515611,3164848.72661338
"54","54",Jefferson Park Apartments,2902 BEACON AVE S,"2","49","10",MFTE (UP TO 12 YEARS),MFTE: MULTIFAMILY PROPERTY TAX EXEMPTION (UP TO 12 YEARS),Application Submitted,"2020","1",,,,,,,"3",,"6",,"1",,,,,,,"3","6","1",,,,47.577703,-122.31019,2018/12/31 00:00:00,"430","430","431","530330100023","+47.5783490","-122.3073765",8697.93800083,Blkgrp 0100023,8697.93800082924,530330100023,,null,"75","17","138","9","9",null,null,530330100023,1500-1999,"2000",2000,8697.93777685984,4184040.93683408
"55","55",Judkins Junction,2214 S JACKSON ST,"3","74","74",CITY FUNDED (MINIMUM 50 YEARS),CITY FUNDED (MINIMUM 50 YEARS),Under Construction,"2020","1",,,,,,"74",,,,,,,,,,,,"25","31","18",,,,47.599455,-122.302474,2018/12/31 00:00:00,"386","386","387","530330090003","+47.5963044","-122.3041275",8916.66948551,Blkgrp 0090003,8916.66948551226,530330090003,,"1","82","25","206","67","64","9",null,530330090003,1500-1999,"2000",2000,8916.66917062417,3052274.99112511
"56","56",Little Saigon,1253 S JACKSON ST,"3","69","69",CITY FUNDED (MINIMUM 50 YEARS),CITY FUNDED (MINIMUM 50 YEARS),In Permitting,"2020","1",,,,,"15","54",,,,,,,,,"1",,,,"49","20",,,,47.598876,-122.314934,2018/12/31 00:00:00,"384","384","385","530330090001","+47.5987382","-122.3130772",8249.90659085,Blkgrp 0090001,8249.90659084149,530330090001,,"188","104","88","47","18",null,null,"8",530330090001,100-499,"500",500,8249.90586235466,4314819.65803527
"57","57",LIV Stone Way,4025 STONE WAY N,"4","59","12",MFTE (UP TO 12 YEARS),MFTE: MULTIFAMILY PROPERTY TAX EXEMPTION (UP TO 12 YEARS),Application Submitted,"2020","1",,,,"2",,,"7",,"2",,"1",,,,,,"2","7","2","1",,,,47.656142,-122.342608,2018/12/31 00:00:00,"217","217","218","530330054022","+47.6547432","-122.3418418",4994.49725708,Blkgrp 0054022,4994.49725704271,530330054022,,null,"30",,"118","141","49",null,"5",530330054022,2000-2499,"2500",2500,4994.49699234734,1341047.35049848
"58","58",Louisa Hotel Apartments,665 S KING ST,"2","84","21",MFTE (UP TO 12 YEARS),MFTE: MULTIFAMILY PROPERTY TAX EXEMPTION (UP TO 12 YEARS),Application Submitted,"2020","1",,,,,,,"16",,"5",,,,,,,,,"16","5",,,,,47.597965,-122.323956,2018/12/31 00:00:00,"388","388","389","530330091002","+47.5975099","-122.3257202",4400.29286398,Blkgrp 0091002,4400.29286397631,530330091002,,"279","310","138","146","152","43","30",null,530330091002,500-999,"1000",1000,4400.29286397678,1184811.65331352
"59","59",Lucille,6717 ROOSEVELT WAY NE,"4","106","7",IZ PERFORMANCE (50 YEARS),AFFORDABLE UNITS IN MARKET-RATE BUILDING (50 OR 75 YEARS),Under Construction,"2020","1",,,,,,,,,,"7",,,,,,,,"1","5","1",,,,47.67786,-122.317718,2018/12/31 00:00:00,"134","134","135","530330036021","+47.6789543","-122.3189908",6310.69088572,Blkgrp 0036021,6310.69088573452,530330036021,,null,"20","93","490","162","76","6","40",530330036021,1500-1999,"2000",2000,6310.69079164449,1832834.70822087
"60","60",Luna,2749 CALIFORNIA AVE SW,"1","108","27",MFTE (UP TO 12 YEARS),MFTE: MULTIFAMILY PROPERTY TAX EXEMPTION (UP TO 12 YEARS),Application Submitted,"2020","1",,,,"4",,,"23",,,,,,,,,,"4","23",,,,,,47.577745,-122.387041,2018/12/31 00:00:00,"415","415","416","530330098011","+47.5783976","-122.3853220",8003.01910483,Blkgrp 0098011,8003.01910484293,530330098011,,null,null,"226","101",null,null,null,null,530330098011,1000-1499,"1500",1500,8003.01878548506,4023393.61459076
"61","61","Maddux, The",2802 S MCCLELLAN ST,"2","165","165",CITY FUNDED (MINIMUM 50 YEARS),CITY FUNDED (MINIMUM 50 YEARS),In Permitting,"2020","1",,,,,"20","145",,,,,,,,,,,,"97","11","47","10",,,47.578478,-122.295959,2018/12/31 00:00:00,"402","402","403","530330095004","+47.5773539","-122.2945068",10617.2850174,Blkgrp 0095004,10617.2850173731,530330095004,,"130","79","89","69",null,"18",null,"75",530330095004,100-499,"500",500,10617.2844409937,4926930.03651056
"62","62",Meter at Green Lake,417 NE 73RD ST,"6","45","12",MFTE (UP TO 12 YEARS),MFTE: MULTIFAMILY PROPERTY TAX EXEMPTION (UP TO 12 YEARS),Application Submitted,"2020","1",,,,"3",,,"6",,"3",,,,,,,,"3","6","3","0",,,,47.68108,-122.324562,2018/12/31 00:00:00,"135","135","136","530330036022","+47.6816578","-122.3253990",5932.4151988,Blkgrp 0036022,5932.41519879616,530330036022,,null,null,"136","82","119","71","17","18",530330036022,1000-1499,"1500",1500,5932.41541034453,1449382.85913421
"63","63",Metro Line Flats,915 E SPRUCE ST,"3","72","2",IZ PERFORMANCE (50 YEARS),AFFORDABLE UNITS IN MARKET-RATE BUILDING (50 OR 75 YEARS),Under Construction,"2020","1",,,,,"2",,,,,,,,,,,,,"2",,,,,,47.60338,-122.319947,2018/12/31 00:00:00,"371","371","372","530330086002","+47.6035857","-122.3161999",7744.00936997,Blkgrp 0086002,7744.0093699626,530330086002,,"34","232","366","182","91","19","13",null,530330086002,1000-1499,"1500",1500,7744.00860784273,2436304.92528688
"64","64",Northgate 3,10711 8TH AVE NE,"5","135","27",MFTE (UP TO 12 YEARS),MFTE: MULTIFAMILY PROPERTY TAX EXEMPTION (UP TO 12 YEARS),Application Submitted,"2020","1",,,,,,,"17",,"9",,"1",,,,,,,"17","9","1",,,,47.707091,-122.321108,2018/12/31 00:00:00,"48","48","49","530330012023","+47.7049473","-122.3218364",6642.39821219,Blkgrp 0012023,6642.39821215637,530330012023,,null,null,,null,null,null,null,null,530330012023,#N/A,,,6642.39819317212,1763283.74025867
"65","65",Othello Square,7343 MARTIN LUTHER KING JR WAY S,"2","68","68",CITY FUNDED (MINIMUM 50 YEARS),CITY FUNDED (MINIMUM 50 YEARS),In Permitting,"2020",,"1",,,,,,,,,"68",,,,,,,,,"24","36","8",,,47.535793,-122.281204,2018/12/31 00:00:00,"478","478","479","530330110011","+47.5339962","-122.2825606",7687.0064658,Blkgrp 0110011,7687.00646581128,530330110011,,"18","11","65","13","81",null,null,null,530330110011,2000-2499,"2500",2500,7687.00546059919,2540845.25950114
"66","66",Patricia K,2212 S JACKSON ST,"3","52","52",CITY FUNDED (MINIMUM 50 YEARS),CITY FUNDED (MINIMUM 50 YEARS),Under Construction,"2020","1",,"52",,,,,,,,,,,,,,,,"52",,,,,,47.599519,-122.302671,2018/12/31 00:00:00,"386","386","387","530330090003","+47.5963044","-122.3041275",8916.66948551,Blkgrp 0090003,8916.66948551226,530330090003,,"1","82","25","206","67","64","9",null,530330090003,1500-1999,"2000",2000,8916.66917062417,3052274.99112511
"67","67",Rainier Court IV,3616 34TH AVE S,"2","81","81",CITY FUNDED (MINIMUM 50 YEARS),CITY FUNDED (MINIMUM 50 YEARS),Under Construction,"2020","1",,,,,"41","40",,,,,,,,,,,,,"66","15",,,,47.571021,-122.289662,2018/12/31 00:00:00,"436","436","437","530330101023","+47.5711016","-122.2869938",5871.17853628,Blkgrp 0101023,5871.17853627759,530330101023,,null,"22","142","26","24",null,"85",null,530330101023,1000-1499,"1500",1500,5871.17802771312,1939979.52340928
"68","68",Republican,1010 E REPUBLICAN ST,"3","36","8",MFTE (UP TO 12 YEARS),MFTE: MULTIFAMILY PROPERTY TAX EXEMPTION (UP TO 12 YEARS),Application Submitted,"2020","1",,,,,,,"8",,,,,,,,,,,"8",,,,,,47.623303,-122.319327,2018/12/31 00:00:00,"319","319","320","530330075012","+47.6231203","-122.3183122",4246.3101482,Blkgrp 0075012,4246.31014819697,530330075012,,"147","174","207","421","97",null,null,null,530330075012,1500-1999,"2000",2000,4246.30948878097,1075686.90897933
"69","69",Spring Street North,1101 8TH AVE,"3","548","110",MFTE (UP TO 12 YEARS),MFTE: MULTIFAMILY PROPERTY TAX EXEMPTION (UP TO 12 YEARS),Application Submitted,"2020","1",,,,,,,"18",,"58",,"34",,,,,,,"18","58","34",,,,47.608743,-122.329658,2018/12/31 00:00:00,"357","357","358","530330082002","+47.6081555","-122.3290708",3414.88369092,Blkgrp 0082002,3414.88369090094,530330082002,,null,"14","145","89","237","31","44","13",530330082002,2000-2499,"2500",2500,3414.88375572084,745297.843013636
"70","70",Stazione 25,2615 25TH AVE S,"2","301","61",MFTE (UP TO 12 YEARS),MFTE: MULTIFAMILY PROPERTY TAX EXEMPTION (UP TO 12 YEARS),Application Submitted,"2020","1",,,,,,,"18",,"33",,"10",,,,,,,"18","33","10",,,,47.579535,-122.300629,2018/12/31 00:00:00,"425","425","426","530330100011","+47.5712450","-122.3020462",18662.3014162,Blkgrp 0100011,18662.3014161608,530330100011,,null,"83","10",null,"6","28",null,null,530330100011,500-999,"1000",1000,18662.3000405814,10779263.061903
"71","71",Stone Way 41st,4035 STONE WAY N,"4","48","10",MFTE (UP TO 12 YEARS),MFTE: MULTIFAMILY PROPERTY TAX EXEMPTION (UP TO 12 YEARS),Application Submitted,"2020","1",,,,,,,"6",,"3",,"1",,,,,,,"6","3","1",,,,47.656291,-122.342961,2018/12/31 00:00:00,"217","217","218","530330054022","+47.6547432","-122.3418418",4994.49725708,Blkgrp 0054022,4994.49725704271,530330054022,,null,"30",,"118","141","49",null,"5",530330054022,2000-2499,"2500",2500,4994.49699234734,1341047.35049848
"72","72",The Edric,9021 17TH AVE SW,"1","32","7",MFTE (UP TO 12 YEARS),MFTE: MULTIFAMILY PROPERTY TAX EXEMPTION (UP TO 12 YEARS),Application Submitted,"2020","1",,,,,,,,,"3",,"4",,,,,,,,"3","4",,,,47.522172,-122.356747,2018/12/31 00:00:00,"504","504","505","530330114022","+47.5194713","-122.3586051",9013.18179018,Blkgrp 0114022,9013.18179016826,530330114022,,null,"48","293","128","7","9",null,null,530330114022,1000-1499,"1500",1500,9017.79238683085,3453966.03428946
"73","73","Werner Apartments, The",3046 17TH AVE W,"7","59","4",IZ PERFORMANCE (50 YEARS),AFFORDABLE UNITS IN MARKET-RATE BUILDING (50 OR 75 YEARS),Under Construction,"2020","1",,,,"4",,,,,,,,,,,,,"4",,,,,,,47.64801,-122.378436,2018/12/31 00:00:00,"235","235","236","530330058041","+47.6283327","-122.3752440",37828.4373693,Blkgrp 0058041,37828.4373693589,530330058041,,null,null,"197","313","85",null,"33",null,530330058041,1500-1999,"2000",2000,37828.4367604954,35343466.2912167
"74","74",?al?al Housing,108 2ND AVE EXTENSION S,"7","80","80",CITY FUNDED (MINIMUM 50 YEARS),CITY FUNDED (MINIMUM 50 YEARS),In Permitting,"2021","1",,"60",,,"20",,,,,,,,,,,,,"80",,,,,,47.601389,-122.331194,2018/12/31 00:00:00,"390","390","391","530330092002","+47.5999398","-122.3369628",9898.4159707,Blkgrp 0092002,9898.4159706986,530330092002,,"157","38","195","28","112","91","32","8",530330092002,1000-1499,"1500",1500,9898.41529953335,3873466.98696939
"75","75",1501 Micros,1501 NW 59TH ST,"6","52","13",MFTE (UP TO 12 YEARS),MFTE: MULTIFAMILY PROPERTY TAX EXEMPTION (UP TO 12 YEARS),Application Submitted,"2021","1",,,,"13",,,,,,,,,,,,,"13",,,,,,,47.671463,-122.376484,2018/12/31 00:00:00,"175","175","176","530330047021","+47.6713703","-122.3774207",5849.81924473,Blkgrp 0047021,5849.8192447428,530330047021,,"98","89","115",null,"63",null,null,null,530330047021,1000-1499,"1500",1500,5849.81923043451,1485965.66426325
"76","76",18th & Spruce,207 18TH AVE,"3","25","7",MFTE (UP TO 12 YEARS),MFTE: MULTIFAMILY PROPERTY TAX EXEMPTION (UP TO 12 YEARS),Application Submitted,"2021","1",,,,,,,,,"7",,,,,,,,,,"7",,,,,47.603708,-122.309217,2018/12/31 00:00:00,"376","376","377","530330087003","+47.6038073","-122.3098427",6503.97082399,Blkgrp 0087003,6503.97082400932,530330087003,,"22",null,"64","225","35","64",null,null,530330087003,1500-1999,"2000",2000,6503.97050449705,2422233.44147834
"77","77",26th & Jackson Apartments,2524 S JACKSON ST,"3","78","16",MFTE (UP TO 12 YEARS),MFTE: MULTIFAMILY PROPERTY TAX EXEMPTION (UP TO 12 YEARS),Application Submitted,"2021","1",,,,"3",,,,,"11",,"2",,,,,,"3",,"11","2",,,,47.599429,-122.298999,2018/12/31 00:00:00,"382","382","383","530330089003","+47.5998402","-122.2973998",7622.2164624,Blkgrp 0089003,7622.21646241386,530330089003,,"36",null,"54","136","29","16",null,null,530330089003,1500-1999,"2000",2000,7622.21627515611,3164848.72661338
"78","78",7011 Roosevelt,7011 ROOSEVELT WAY NE,"4","56","14",MFTE (UP TO 12 YEARS),MFTE: MULTIFAMILY PROPERTY TAX EXEMPTION (UP TO 12 YEARS),Application Submitted,"2021","1",,,,,,,"10",,"4",,,,,,,,,"10","4",,,,,47.679882,-122.317882,2018/12/31 00:00:00,"134","134","135","530330036021","+47.6789543","-122.3189908",6310.69088572,Blkgrp 0036021,6310.69088573452,530330036021,,null,"20","93","490","162","76","6","40",530330036021,1500-1999,"2000",2000,6310.69079164449,1832834.70822087
"79","79",8311 Micros,8311 15TH AVE NW,"6","78","20",MFTE (UP TO 12 YEARS),MFTE: MULTIFAMILY PROPERTY TAX EXEMPTION (UP TO 12 YEARS),Application Submitted,"2021","1",,,,"20",,,,,,,,,,,,,"20",,,,,,,47.689126,-122.377268,2018/12/31 00:00:00,"105","105","106","530330030002","+47.6887443","-122.3762934",8523.36467682,Blkgrp 0030002,8523.36467680427,530330030002,,null,null,"59","63","73","23",null,null,530330030002,2000-2499,"2500",2500,8523.36434479307,3948970.27360869
"80","80",836 NE 66th,836 NE 66TH ST,"4","75","3",IZ PERFORMANCE (50 YEARS),AFFORDABLE UNITS IN MARKET-RATE BUILDING (50 OR 75 YEARS),Under Construction,"2021","1",,,,"3",,,,,,,,,,,,,"3",,,,,,,47.676746,-122.318472,2018/12/31 00:00:00,"134","134","135","530330036021","+47.6789543","-122.3189908",6310.69088572,Blkgrp 0036021,6310.69088573452,530330036021,,null,"20","93","490","162","76","6","40",530330036021,1500-1999,"2000",2000,6310.69079164449,1832834.70822087
"81","81",Acme Farms,1029 S JACKSON ST,"2","321","4",IZ PERFORMANCE (50 YEARS),AFFORDABLE UNITS IN MARKET-RATE BUILDING (50 OR 75 YEARS),In Permitting,"2021","1",,,,,,,,,,"4",,,,,,,,"1","3",,,,,47.598991,-122.318201,2018/12/31 00:00:00,"387","387","388","530330091001","+47.5987050","-122.3202752",8656.4057759,Blkgrp 0091001,8656.40577591465,530330091001,,"147","287","149","45",null,null,null,null,530330091001,500-999,"1000",1000,8656.40487476357,3234873.01377205
"82","82",Beacon Station,2912 BEACON AVE S,"2","66","14",MFTE (UP TO 12 YEARS),MFTE: MULTIFAMILY PROPERTY TAX EXEMPTION (UP TO 12 YEARS),Application Submitted,"2021","1",,,,,,,"2",,"11",,"1",,,,,,,"2","11","1",,,,47.577421,-122.310078,2018/12/31 00:00:00,"430","430","431","530330100023","+47.5783490","-122.3073765",8697.93800083,Blkgrp 0100023,8697.93800082924,530330100023,,null,"75","17","138","9","9",null,null,530330100023,1500-1999,"2000",2000,8697.93777685984,4184040.93683408
"83","83",Boren Ave Apartments,125 Boren Ave S,"7","288","13",MPC-YT (50 YEARS),AFFORDABLE UNITS IN MARKET-RATE BUILDING (50 OR 75 YEARS),Under Construction,"2021","1",,,,,,,,,,"13",,,,,,,,"2","9","2",,,,47.601214,-122.317869,2018/12/31 00:00:00,"387","387","388","530330091001","+47.5987050","-122.3202752",8656.4057759,Blkgrp 0091001,8656.40577591465,530330091001,,"147","287","149","45",null,null,null,null,530330091001,500-999,"1000",1000,8656.40487476357,3234873.01377205
"84","84",Center Steps,225 ROY ST,"7","269","54",MFTE (UP TO 12 YEARS),MFTE: MULTIFAMILY PROPERTY TAX EXEMPTION (UP TO 12 YEARS),Application Submitted,"2021","1",,,,,,,"15",,"29",,"10",,,,,,,"15","29","10",,,,47.625284,-122.351787,2018/12/31 00:00:00,"288","288","289","530330070023","+47.6259385","-122.3536252",5121.46696405,Blkgrp 0070023,5121.46696404562,530330070023,,null,"156","157","181","113",null,"23",null,530330070023,1500-1999,"2000",2000,5121.46630971874,1429270.93465936
"85","85",Crown Hill Apartments,8541 15TH AVE NW,"6","40","8",MFTE (UP TO 12 YEARS),MFTE: MULTIFAMILY PROPERTY TAX EXEMPTION (UP TO 12 YEARS),Application Submitted,"2021","1",,,,"1",,,,,"6",,"1",,,,,,"1",,"6","1",,,,47.691795,-122.377079,2018/12/31 00:00:00,"60","60","61","530330016003","+47.6933275","-122.3779540",9721.4888143,Blkgrp 0016003,9721.48881431586,530330016003,,"15","-4","-3","-2","-2","-3","-3","-3",530330016003,100-499,"500",500,9721.48815090265,4026495.1885667
"86","86",EcoLuxe 2,6420 BROOKLYN AVE NE,"5","41","9",MFTE (UP TO 12 YEARS),MFTE: MULTIFAMILY PROPERTY TAX EXEMPTION (UP TO 12 YEARS),Application Submitted,"2021","1",,,,,,,"8",,"1",,,,,,,,,"8","1",,,,,47.675568,-122.314038,2018/12/31 00:00:00,"162","162","163","530330044012","+47.6742425","-122.3125434",8905.04636327,Blkgrp 0044012,8905.04636327465,530330044012,,null,"14","44","66","30","14",null,null,530330044012,1500-1999,"2000",2000,8905.04560609619,2727323.66655775
"87","87",Federal 29,525 FEDERAL AVE E,"3","29","6",MFTE (UP TO 12 YEARS),MFTE: MULTIFAMILY PROPERTY TAX EXEMPTION (UP TO 12 YEARS),Application Submitted,"2021","1",,,,,,,,,,,"6",,,,,,,,,"6",,,,47.623854,-122.319111,2018/12/31 00:00:00,"319","319","320","530330075012","+47.6231203","-122.3183122",4246.3101482,Blkgrp 0075012,4246.31014819697,530330075012,,"147","174","207","421","97",null,null,null,530330075012,1500-1999,"2000",2000,4246.30948878097,1075686.90897933
"88","88",Fifth & Roy,701 5TH AVE N,"7","107","22",MFTE (UP TO 12 YEARS),MFTE: MULTIFAMILY PROPERTY TAX EXEMPTION (UP TO 12 YEARS),Application Submitted,"2021","1",,,,,,,"1",,"19",,"2",,,,,,,"1","19","2",,,,47.625683,-122.348067,2018/12/31 00:00:00,"271","271","272","530330067021","+47.6277809","-122.3484027",5094.52950828,Blkgrp 0067021,5094.52950826942,530330067021,,null,"18","128","85","134",null,null,"41",530330067021,2000-2499,"2500",2500,5094.53015118266,1316897.86467063
"89","89",Filipino Community Village,5727 37TH AVE S,"2","94","93",CITY FUNDED (MINIMUM 50 YEARS),CITY FUNDED (MINIMUM 50 YEARS),In Permitting,"2021","1",,"24",,,"25","44",,,,,,,,,"1",,,"37","54","2",,,,47.550403,-122.286456,2018/12/31 00:00:00,"443","443","444","530330103013","+47.5505901","-122.2850548",8769.9146799,Blkgrp 0103013,8769.91467989791,530330103013,,"13",null,"178",null,null,null,null,null,530330103013,1000-1499,"1500",1500,8769.91399882994,2912040.7588073
"90","90",Harvard House,3120 HARVARD AVE E,"3","32","8",MFTE (UP TO 12 YEARS),MFTE: MULTIFAMILY PROPERTY TAX EXEMPTION (UP TO 12 YEARS),Application Submitted,"2021","1",,,,"8",,,,,,,,,,,,,"8",,,,,,,47.649835,-122.321816,2018/12/31 00:00:00,"247","247","248","530330061001","+47.6482498","-122.3201878",9078.40822494,Blkgrp 0061001,9078.40822495603,530330061001,,null,null,"79","115","100","9","7",null,530330061001,1500-1999,"2000",2000,9078.40833881481,4253050.07702777
"91","91",Interbay Apts (Sandbox),3008 16TH AVE W,"7","93","11",IZ PERFORMANCE (50 YEARS),AFFORDABLE UNITS IN MARKET-RATE BUILDING (50 OR 75 YEARS),In Permitting,"2021","1",,,,"2",,,,,,"9",,,,,,,"1","3","6","1",,,,47.646883,-122.377113,2018/12/31 00:00:00,"235","235","236","530330058041","+47.6283327","-122.3752440",37828.4373693,Blkgrp 0058041,37828.4373693589,530330058041,,null,null,"197","313","85",null,"33",null,530330058041,1500-1999,"2000",2000,37828.4367604954,35343466.2912167
"92","92",Interbay Lofts Apartments,2235 15TH AVE W,"7","47","12",MFTE (UP TO 12 YEARS),MFTE: MULTIFAMILY PROPERTY TAX EXEMPTION (UP TO 12 YEARS),Application Submitted,"2021","1",,,,"2",,,"1",,"9",,,,,,,,"2","1","9",,,,,47.639749,-122.376592,2018/12/31 00:00:00,"235","235","236","530330058041","+47.6283327","-122.3752440",37828.4373693,Blkgrp 0058041,37828.4373693589,530330058041,,null,null,"197","313","85",null,"33",null,530330058041,1500-1999,"2000",2000,37828.4367604954,35343466.2912167
"93","93",Iron Flats,814 NE 66TH ST,"4","289","40",IZ PERFORMANCE (50 YEARS),AFFORDABLE UNITS IN MARKET-RATE BUILDING (50 OR 75 YEARS),Under Construction,"2021","1",,,,"2",,,,,,"38",,,,,,,"2","8","23","7",,,,47.676762,-122.319177,2018/12/31 00:00:00,"134","134","135","530330036021","+47.6789543","-122.3189908",6310.69088572,Blkgrp 0036021,6310.69088573452,530330036021,,null,"20","93","490","162","76","6","40",530330036021,1500-1999,"2000",2000,6310.69079164449,1832834.70822087
"94","94",Junction Landing,4417 42ND AVE SW,"1","62","13",MFTE (UP TO 12 YEARS),MFTE: MULTIFAMILY PROPERTY TAX EXEMPTION (UP TO 12 YEARS),Application Submitted,"2021","1",,,,,,,"3",,"9",,"1",,,,,,,"3","9","1",,,,47.564139,-122.385789,2018/12/31 00:00:00,"419","419","420","530330098022","+47.5647093","-122.3841619",7899.71447404,Blkgrp 0098022,7899.71447401779,530330098022,,null,"19","88","14","38","62",null,null,530330098022,1000-1499,"1500",1500,7899.71425460774,3495330.36630626
"95","95",K-Site,607 2ND AVE,"7","91","91",CITY FUNDED (MINIMUM 50 YEARS),CITY FUNDED (MINIMUM 50 YEARS),In Permitting,"2021","1",,"91",,,,,,,,,,,,,"1",,,"91",,,,,,47.602382,-122.333076,2018/12/31 00:00:00,"355","355","356","530330081022","+47.6032567","-122.3360983",10613.0929602,Blkgrp 0081022,10613.0929601608,530330081022,,"153","76","29",null,"160","63","7",null,530330081022,2000-2499,"2500",2500,10613.0926720268,4172657.20226646
"96","96",Lake City Townhomes,12535 35TH AVE NE,"5","16","16",CITY FUNDED (MINIMUM 50 YEARS),CITY FUNDED (MINIMUM 50 YEARS),In Permitting,"2021",,"1",,,,,,,,,"16",,,,,,,,,,,"16",,,47.720418,-122.291059,2018/12/31 00:00:00,"5","5","6","530330001023","+47.7210489","-122.2936020",5281.80056448,Blkgrp 0001023,5281.80056449422,530330001023,,"189","435","148","80","84","88","92","96",530330001023,500-999,"1000",1000,5281.80118832295,1769537.23961105
"97","97",Modera Broadway North,1812 BROADWAY,"3","133","27",MFTE (UP TO 12 YEARS),MFTE: MULTIFAMILY PROPERTY TAX EXEMPTION (UP TO 12 YEARS),Application Submitted,"2021","1",,,,,,,"6",,"18",,"3",,,,,,,"6","18","3",,,,47.617955,-122.320521,2018/12/31 00:00:00,"323","323","324","530330075023","+47.6174252","-122.3189818",5354.48639697,Blkgrp 0075023,5354.48639696549,530330075023,,null,null,"28","58","131","59",null,null,530330075023,2000-2499,"2500",2500,5354.48639182628,1520832.78698836
"98","98",Modera Broadway South,1732 BROADWAY,"3","85","17",MFTE (UP TO 12 YEARS),MFTE: MULTIFAMILY PROPERTY TAX EXEMPTION (UP TO 12 YEARS),Application Submitted,"2021","1",,,,,,,"1",,"13",,"3",,,,,,,"1","13","3",,,,47.617329,-122.320553,2018/12/31 00:00:00,"323","323","324","530330075023","+47.6174252","-122.3189818",5354.48639697,Blkgrp 0075023,5354.48639696549,530330075023,,null,null,"28","58","131","59",null,null,530330075023,2000-2499,"2500",2500,5354.48639182628,1520832.78698836
"99","99",Mysa,3025 NE 130TH ST,"2","117","24",MFTE (UP TO 12 YEARS),MFTE: MULTIFAMILY PROPERTY TAX EXEMPTION (UP TO 12 YEARS),Application Submitted,"2021","1",,,,,,,"12",,"7",,"3","2",,,,,,"12","7","3","2",,,47.722388,-122.295166,2018/12/31 00:00:00,"5","5","6","530330001023","+47.7210489","-122.2936020",5281.80056448,Blkgrp 0001023,5281.80056449422,530330001023,,"189","435","148","80","84","88","92","96",530330001023,500-999,"1000",1000,5281.80118832295,1769537.23961105
"100","100",Northaven III,11045 8TH AVE NE,"5","85","85",CITY FUNDED (MINIMUM 50 YEARS),CITY FUNDED (MINIMUM 50 YEARS),In Permitting,"2021","1",,"21",,,"43","21",,,,,,,,,,,,"65","20",,,,,47.709781,-122.321562,2018/12/31 00:00:00,"43","43","44","530330012011","+47.7104044","-122.3219482",6654.65727815,Blkgrp 0012011,6654.6572781508,530330012011,,"106","276","96","52","54","57","60","62",530330012011,500-999,"1000",1000,6654.65690502599,2649002.67130382
"101","101",Othello Park,7345 43RD AVE S,"2","93","92",CITY FUNDED (MINIMUM 50 YEARS),CITY FUNDED (MINIMUM 50 YEARS),In Permitting,"2021","1",,"4",,,"11","77",,,,,,,,,"1",,,,"35","36","21",,,47.535794,-122.279761,2018/12/31 00:00:00,"485","485","486","530330111012","+47.5369263","-122.2777395",5354.10057201,Blkgrp 0111012,5354.10057205703,530330111012,,null,"8","103","142","120","15",null,null,530330111012,1500-1999,"2000",2000,5354.10064658527,1567170.89846068
"102","102",Othello Station Building C,3939 S OTHELLO ST,"2","176","36",MFTE (UP TO 12 YEARS),MFTE: MULTIFAMILY PROPERTY TAX EXEMPTION (UP TO 12 YEARS),Application Submitted,"2021","1",,,,,,,"19",,"9",,"6","2",,,,,,"19","9","6","2",,,47.53682,-122.282362,2018/12/31 00:00:00,"479","479","480","530330110012","+47.5436553","-122.2897613",12140.8614717,Blkgrp 0110012,12140.8614717026,530330110012,,"198","99","109","66","18",null,null,null,530330110012,100-499,"500",500,12140.8609488253,4567611.25773757
"103","103",Pivot,1208 PINE ST,"3","71","15",MFTE (UP TO 12 YEARS),MFTE: MULTIFAMILY PROPERTY TAX EXEMPTION (UP TO 12 YEARS),Application Submitted,"2021","1",,,,,,,"8",,"5",,"2",,,,,,,"8","5","2",,,,47.615291,-122.328534,2018/12/31 00:00:00,"365","365","366","530330084022","+47.6154874","-122.3278038",2963.1310703,Blkgrp 0084022,2963.13107029672,530330084022,,null,"17","185","543","189","14",null,"20",530330084022,1500-1999,"2000",2000,2963.13107291946,475299.035361077
"104","104",Roosevelt TOD,6600 ROOSEVELT WAY NE,"4","245","245",CITY FUNDED (MINIMUM 50 YEARS),CITY FUNDED (MINIMUM 50 YEARS),In Permitting,"2021","1",,"61",,,"39","145",,,,,,,,,,,,"64","78","66","37",,,47.677047,-122.316948,2018/12/31 00:00:00,"91","91","92","530330026003","+47.6776154","-122.3120030",7990.4914514,Blkgrp 0026003,7990.49145139917,530330026003,,null,"9","48","107","9","73",null,"23",530330026003,1500-1999,"2000",2000,7990.49106503891,3517998.31584303
"105","105",SHA Yesler Records,1215 E FIR ST,"3","158","158",CITY FUNDED (MINIMUM 50 YEARS),CITY FUNDED (MINIMUM 50 YEARS),In Permitting,"2021","1",,"92",,,,"58",,,,"8",,,,,"1",,,"8","49","70","25","6",,47.602239,-122.315293,2018/12/31 00:00:00,"371","371","372","530330086002","+47.6035857","-122.3161999",7744.00936997,Blkgrp 0086002,7744.0093699626,530330086002,,"34","232","366","182","91","19","13",null,530330086002,1000-1499,"1500",1500,7744.00860784273,2436304.92528688
"106","106",Stream Dexios,1600 DEXTER AVE N,"7","80","16",MFTE (UP TO 12 YEARS),MFTE: MULTIFAMILY PROPERTY TAX EXEMPTION (UP TO 12 YEARS),Application Submitted,"2021","1",,,,,,,"4",,"9",,"3",,,,,,,"4","9","3",,,,47.633234,-122.342046,2018/12/31 00:00:00,"270","270","271","530330067013","+47.6354430","-122.3414575",6781.32159834,Blkgrp 0067013,6781.32159834564,530330067013,,null,null,,"204","364","83","52",null,530330067013,2000-2499,"2500",2500,6781.3209185556,2643242.45301034
"107","107",STS Office Redevelopment,9049 20TH AVE SW,"1","28","6",MFTE (UP TO 12 YEARS),MFTE: MULTIFAMILY PROPERTY TAX EXEMPTION (UP TO 12 YEARS),Application Submitted,"2021","1",,,,"1",,,"1",,"3",,"1",,,,,,"1","1","3","1",,,,47.52154,-122.359531,2018/12/31 00:00:00,"503","503","504","530330114021","+47.5229876","-122.3640494",10700.8107651,Blkgrp 0114021,10700.8107650778,530330114021,,"45","35","168","20","21",null,null,null,530330114021,1000-1499,"1500",1500,10700.8092406359,4663362.91717494
"108","108",Uncle Bob's Place,714 S KING ST,"2","104","103",CITY FUNDED (MINIMUM 50 YEARS),CITY FUNDED (MINIMUM 50 YEARS),In Permitting,"2021","1",,,,,,"103",,,,,,,,,"1",,,"34","33","24","12",,,47.598584,-122.322985,2018/12/31 00:00:00,"387","387","388","530330091001","+47.5987050","-122.3202752",8656.4057759,Blkgrp 0091001,8656.40577591465,530330091001,,"147","287","149","45",null,null,null,null,530330091001,500-999,"1000",1000,8656.40487476357,3234873.01377205
"109","109",Yakima Townhomes,1312 YAKIMA AVE S,"3","10","10",CITY FUNDED (MINIMUM 50 YEARS),CITY FUNDED (MINIMUM 50 YEARS),In Permitting,"2021",,"1",,,,,,,,,"10",,,,,,,,,,,"10",,,47.591825,-122.294099,2018/12/31 00:00:00,"400","400","401","530330095002","+47.5867870","-122.2980471",12931.9278169,Blkgrp 0095002,12931.9278169527,530330095002,,"61","114","55","18","43",null,"74",null,530330095002,500-999,"1000",1000,12931.9285088785,8330587.17002852
"110","110",Bryant Manor,1801 E YESLER WAY,"3","95","95",CITY FUNDED (MINIMUM 50 YEARS),CITY FUNDED (MINIMUM 50 YEARS),In Permitting,"2022","1",,"58",,,,,"2",,,"35",,,,,,,,,"35","24","22","14",,47.601495,-122.308345,2018/12/31 00:00:00,"385","385","386","530330090002","+47.5992148","-122.3070367",6794.13583882,Blkgrp 0090002,6794.13583882773,530330090002,,"91",null,"133","163","79","122","6",null,530330090002,1500-1999,"2000",2000,6794.13546995314,1845078.02115873
"111","111",Polaris at Rainier Beach,9400 RAINIER AVE S,"2","327","327",CITY FUNDED (MINIMUM 50 YEARS),CITY FUNDED (MINIMUM 50 YEARS),In Permitting,"2022","1",,,,,,"327",,,,,,,,,"3",,,"34","135","130","28",,,47.520086,-122.265043,2018/12/31 00:00:00,"523","523","524","530330118023","+47.5202903","-122.2687959",9348.19192751,Blkgrp 0118023,9348.19192752063,530330118023,,"134","81","174","41","59","81",null,null,530330118023,1000-1499,"1500",1500,9348.19151400062,3652519.75196565
"112","112",Seattle 10th LLC Development,209 12th Ave S,"3","209","13",MPC-YT (50 YEARS),AFFORDABLE UNITS IN MARKET-RATE BUILDING (50 OR 75 YEARS),In Permitting,"2022","1",,,,,,,,,,"13",,,,,,,,,,,,,,47.600684,-122.317555,2018/12/31 00:00:00,"387","387","388","530330091001","+47.5987050","-122.3202752",8656.4057759,Blkgrp 0091001,8656.40577591465,530330091001,,"147","287","149","45",null,null,null,null,530330091001,500-999,"1000",1000,8656.40487476357,3234873.01377205
"113","113",Yancy Street,2811 SW YANCY ST,"1","44","44",CITY FUNDED (MINIMUM 50 YEARS),CITY FUNDED (MINIMUM 50 YEARS),In Permitting,"2022","1",,"44",,,,,,,,,,,,,,,,"44",,,,,,47.567464,-122.368759,2018/12/31 00:00:00,"424","424","425","530330099004","+47.5794536","-122.3550326",43967.9761233,Blkgrp 0099004,43967.9761233636,530330099004,,"24","45","39","207","108","29",null,null,530330099004,1500-1999,"2000",2000,43967.9729670251,69127117.914768
